VENDOR_KEY,GRAD_DATE
10634088,12/18/2022
10631534,2/22/2021
10639604,3/1/2022
10639607,3/15/2022
10632450,6/10/2025
10636427,6/11/2023
10639386,11/26/2021
10639388,12/9/2022
10644094,12/19/2021
10640942,7/20/2024
10630693,9/26/2022
10632284,7/27/2021
10644275,1/11/2022
10644280,5/14/2019
10641221,9/19/2020
10644432,1/24/2021
10638135,9/10/2022
10684597,9/3/2027
10680007,5/22/2024
10675594,11/22/2022
10674256,9/5/2025
10652768,2/28/2020
10679876,11/26/2021
10684244,12/24/2023
10674759,4/6/2024
10674765,12/11/2022
10674777,7/8/2025
10642613,10/18/2021
10668280,5/9/2022
10660254,8/23/2020
10681383,10/3/2024
10663260,9/8/2023
10662535,9/13/2021
10647536,5/9/2020
10647576,7/8/2025
10647606,6/19/2024
10651788,12/15/2019
10652157,5/21/2021
10647482,12/12/2021
10662539,6/3/2023
10680188,8/13/2023
10680198,8/6/2024
10630768,9/16/2020
10680369,11/17/2027
10682998,8/10/2021
10643901,2/12/2025
10684093,6/26/2024
10678155,2/18/2024
10654308,4/25/2022
10654309,1/17/2023
